[{"name": "total", "time": 12347, "mmm": 0, "time2": 0}, {"name": "Character Animator.exe", "time": 572, "mmm": 1527364221.0, "time2": 2394}, {"name": "Illustrator.exe", "time": 3916, "mmm": 1527365557.0, "time2": 3046}, {"name": "Photoshop.exe", "time": 0, "mmm": 1527198473.0, "time2": 69}, {"name": "Adobe Premiere Pro.exe", "time": 0, "mmm": 0, "time2": 0}, {"name": "AfterFX.exe", "time": 58, "mmm": 1526594049.0, "time2": 0}, {"name": "Adobe Audition CC.exe", "time": 354, "mmm": 1527531840.0, "time2": 4753}, {"name": "Adobe Media Encoder.exe", "time": 0, "mmm": 0, "time2": 0}]